{"cameraMode":{"drawMode":0,"name":"Shaded","section":"Shading Mode"},"sceneLighting":true,"audioPlay":false,"sceneViewState":{"m_AlwaysRefresh":false,"showFog":true,"showSkybox":true,"showFlares":true,"showImageEffects":true,"showParticleSystems":true,"showVisualEffectGraphs":true,"m_FxEnabled":true},"in2DMode":false,"pivot":{"x":-8.611849784851075,"y":-22.30948257446289,"z":44.413787841796878},"rotation":{"x":-0.23654815554618836,"y":-0.005248281639069319,"z":0.0012794684153050185,"w":-0.9716330170631409},"size":29.05062484741211,"orthographic":false}