{"cameraMode":{"drawMode":0,"name":"Shaded","section":"Shading Mode"},"sceneLighting":false,"audioPlay":false,"sceneViewState":{"m_AlwaysRefresh":false,"showFog":true,"showSkybox":false,"showFlares":true,"showImageEffects":true,"showParticleSystems":true,"showVisualEffectGraphs":true,"m_FxEnabled":false},"in2DMode":false,"pivot":{"x":-2.8967137336730959,"y":1.107576608657837,"z":0.9866204261779785},"rotation":{"x":0.028492653742432596,"y":-0.8499333262443543,"z":0.04620638117194176,"w":0.5241511464118958},"size":3.096419095993042,"orthographic":false}