{"cameraMode":{"drawMode":0,"name":"Shaded","section":"Shading Mode"},"sceneLighting":true,"audioPlay":false,"sceneViewState":{"m_AlwaysRefresh":false,"showFog":true,"showSkybox":false,"showFlares":true,"showImageEffects":true,"showParticleSystems":true,"showVisualEffectGraphs":true,"m_FxEnabled":true},"in2DMode":false,"pivot":{"x":-0.24332427978515626,"y":2.258258819580078,"z":3.6497955322265627},"rotation":{"x":-0.23654815554618836,"y":-0.005248281639069319,"z":0.0012794684153050185,"w":-0.9716330170631409},"size":42.39930725097656,"orthographic":false}